primary_system,role,label,mortality_category,lethality_stage,genotype_id,gene_symbols,zygosity,expression_direction,split,n_phenotype_terms,pmids,phenotype_terms
nervous system,pos,1,death,developmental,MGI:4839271,Trio,multi-locus,none,test,19,20516067,decreased brain size|abnormal dentate gyrus morphology|small cerebellum|abnormal cerebellum external granule cell layer morphology|abnormal cerebellar granule layer morphology|decreased body weight|ataxia|limb grasping|postnatal growth retardation|small olfactory bulb|increased neuron apoptosis|abnormal cerebellar granule cell morphology|abnormal rostral migratory stream morphology|absent gastric milk in neonates|abnormal neuron differentiation|abnormal olfactory bulb mitral cell layer morphology|abnormal cerebellum lobule morphology|abnormal cerebellar granule cell migration|abnormal Bergmann glial cell morphology
behavior/neurological,pos,1,death,adult_aging,MGI:3046917,Fezf2,homozygote,decreased,test,6,15188439,abnormal thalamus morphology|abnormal telencephalon development|abnormal stationary movement|hyperactivity|abnormal food preference|postnatal growth retardation
renal/urinary system,pos,1,death,developmental,MGI:2174756,Tcf21,homozygote,decreased,test,12,10944221,abnormal kidney development|absent spleen|pulmonary hypoplasia|absent pulmonary alveoli|cyanosis|respiratory distress|renal hypoplasia|pallor|impaired branching involved in ureteric bud morphogenesis|abnormal spleen development|abnormal branching involved in lung morphogenesis|renal glomerulus atrophy
behavior/neurological,pos,1,death,developmental,MGI:3027223,Zfp423,homozygote,unknown,test,2,12955145,tremors|ataxia
skeleton,pos,1,death,developmental,MGI:5635889,Idh1,multi-locus,none,test,6,25730874,abnormal cartilage morphology|abnormal cartilage development|decreased body size|abnormal long bone epiphyseal plate morphology|abnormal tracheal cartilage morphology|pectus excavatum
behavior/neurological,pos,1,death,developmental,MGI:2386292,Scnn1a,homozygote,decreased,test,4,8589728,decreased locomotor activity|abnormal eating behavior|cyanosis|respiratory distress
embryo,pos,1,death,developmental,MGI:6263845,Utp4,homozygote,decreased,train,2,,failure of blastocyst to hatch from the zona pellucida|abnormal morula morphology
growth/size/body region,pos,1,death,developmental,MGI:6392266,Tulp3,homozygote,decreased,test,8,30799240,cleft palate|increased rib number|enlarged kidney|abnormal skeleton morphology|increased circulating creatinine level|increased blood urea nitrogen level|polycystic kidney|increased kidney cell proliferation
embryo,pos,1,death,developmental,MGI:2679156,Recql4,homozygote,decreased,test,2,11979727,abnormal trophoblast giant cell morphology|decreased inner cell mass proliferation
embryo,pos,1,death,developmental,MGI:3036432,Cse1l,homozygote,decreased,train,2,11564884,decreased embryo size|abnormal embryonic tissue morphology
embryo,pos,1,death,developmental,MGI:7719839,Taf1a,homozygote,decreased,test,2,,failure of blastocyst to hatch from the zona pellucida|failure of blastocyst formation
cellular,pos,1,death,developmental,MGI:3831181,Lig4|Mre11a,multi-locus,decreased,test,1,19171781,decreased cellular sensitivity to ionizing radiation induced cell death
growth/size/body region,pos,1,death,developmental,MGI:3697480,Dkk1|Sfrp5,multi-locus,decreased,test,1,17133501,abnormal anterior head development
nervous system,pos,1,death,developmental,MGI:2175866,Erbb3,homozygote,decreased,test,14,9338783,motor neuron degeneration|abnormal dorsal root ganglion morphology|small dorsal root ganglion|abnormal cranial nerve morphology|abnormal cranial ganglia morphology|abnormal PNS glial cell morphology|absent Schwann cell precursors|decreased body weight|no spontaneous movement|unresponsive to tactile stimuli|cyanosis|respiratory failure|increased neuron apoptosis|neuron degeneration
nervous system,pos,1,death,developmental,MGI:2181775,Ank2,homozygote,altered,train,11,11449000|9832558|9832558,decreased corpus callosum size|decreased body weight|abnormal locomotor behavior|impaired balance|disorganized secondary lens fibers|abnormal axon morphology|optic nerve degeneration|enlarged lateral ventricles|abnormal anterior corticospinal tract morphology|abnormal lateral corticospinal tract morphology|decreased brain internal capsule size
nervous system,pos,1,death,developmental,MGI:2175786,Cxcr4,homozygote,decreased,test,11,9689100,decreased bone marrow cell number|kidney vascular congestion|kidney hemorrhage|abnormal cerebellum morphology|absent cerebellar foliation|thin external granule cell layer|ectopic Purkinje cell|atelectasis|decreased body size|impaired myelopoiesis|decreased pro-B cell number
neoplasm,pos,1,death,adult_aging,MGI:3819955,,homozygote,increased,train,6,9041192,increased adrenal gland tumor incidence|increased testis tumor incidence|increased prostate intraepithelial neoplasia incidence|urinary bladder obstruction|increased hibernoma incidence|increased prostate gland tumor incidence
respiratory system,pos,1,death,developmental,MGI:6118978,Tnrc6c,homozygote,decreased,train,3,28811219,cyanosis|respiratory distress|abnormal lung-associated mesenchyme development
immune system,pos,1,death,adult_aging,MGI:5795857,Wipf1,homozygote,decreased,train,31,17086554,increased monocyte cell number|increased granulocyte number|abnormal stomach glandular epithelium morphology|crypts of Lieberkuhn abscesses|abnormal spleen morphology|enlarged spleen|abnormal thymus morphology|lung inflammation|interstitial pneumonia|abnormal lymph node B cell domain morphology|abnormal Peyer's patch T cell area morphology|abnormal bone marrow cell morphology/development|abnormal lymphopoiesis|increased IgA level|glomerulonephritis|colitis|joint inflammation|increased autoantibody level|abnormal gastric surface mucous cell morphology|decreased thymus weight|decreased lymphocyte cell number|decreased B cell number|glomerulosclerosis|decreased follicular B cell number|decreased marginal zone B cell number|increased spleen red pulp amount|decreased spleen white pulp amount|abnormal glomerular mesangium morphology|abnormal alpha-beta T cell morphology|abnormal hemopoiesis|impaired erythropoiesis
cardiovascular system,pos,1,death,developmental,MGI:5301337,B9d1,homozygote,decreased,train,6,21763481,abnormal craniofacial morphology|abnormal embryo development|abnormal limb morphology|abnormal cardiovascular system morphology|abnormal kidney morphology|abnormal hepatobiliary system morphology
behavior/neurological,pos,1,death,postnatal,MGI:5771988,Scn8a,homozygote,unknown,test,5,,paralysis|hindlimb paralysis|decreased body size|ataxia|impaired muscle relaxation
craniofacial,pos,1,death,developmental,MGI:5003063,Anp32b,homozygote,decreased,test,5,21636789,abnormal inner ear morphology|cleft palate|abnormal craniofacial morphology|primary atelectasis|enlarged brain ventricles
vision/eye,pos,1,death,developmental,MGI:3579858,Otx1,homozygote,decreased,test,14,9077465,abnormal cartilage morphology|abnormal cranium morphology|abnormal cerebral cortex morphology|abnormal third ventricle morphology|abnormal trigeminal V mesencephalic nucleus morphology|abnormal lens morphology|retina hyperplasia|absent lacrimal glands|abnormal nervous system morphology|abnormal orbitosphenoid bone morphology|abnormal eye anterior chamber morphology|small hippocampus|meteorism|increased cornea thickness
nervous system,pos,1,death,postnatal,MGI:3027901,Gli3,homozygote,decreased,test,29,2323034|2323034|8026071|2323034|8026071|9232833|7202526|8026071|9232833,cleft palate|polydactyly|synostosis|abnormal cerebral cortex morphology|abnormal stratification in cerebral cortex|abnormal hippocampus development|abnormal thalamus morphology|abnormal hypothalamus morphology|exencephaly|eyelids open at birth|hydrocephaly|abnormal digit morphology|absent corpus callosum|spongiform encephalopathy|short tibia|short fibula|abnormal hippocampal fornix morphology|absent olfactory bulb|abnormal radial glial cell morphology|abnormal olfactory nerve morphology|abnormal neuronal migration|thin cerebral cortex|absent hippocampal commissure|absent anterior commissure|abnormal hippocampus pyramidal cell layer|abnormal cerebral hemisphere morphology|encephalomeningocele|split sternal manubrium|absent pineal gland
behavior/neurological,pos,1,death,adult_aging,MGI:3616169,Gan,homozygote,decreased,train,13,16303566|16565160,abnormal cell morphology|muscle spasm|weakness|progressive muscle weakness|weight loss|abnormal gait|abnormal posture|seizures|muscular atrophy|abnormal locomotor activation|abnormal myelin sheath morphology|abnormal axonal transport|abnormal axon morphology
embryo,pos,1,death,developmental,MGI:6490653,Chd7,homozygote,none,test,2,33127760,embryonic growth arrest|embryonic growth retardation
cardiovascular system,pos,1,death,developmental,MGI:3045809,Fgf15,homozygote,decreased,test,11,15789410,abnormal aorta morphology|overriding aortic valve|abnormal interventricular septum morphology|double outlet right ventricle|abnormal cardiac outflow tract development|ventricular septal defect|atrial septal defect|atrioventricular septal defect|perimembraneous ventricular septal defect|muscular ventricular septal defect|aberrant origin of the right subclavian artery
skeleton,pos,1,death,developmental,MGI:2175716,Nkx3-2,homozygote,decreased,test,31,10449756|11523821|12204261|12204261|14973294|15329346,abnormal malleus morphology|abnormal tympanic ring morphology|abnormal vertebrae morphology|abnormal rib morphology|abnormal cartilage morphology|abnormal cartilage development|kinked tail|thick tail|short tail|absent spleen|decreased body height|abnormal left-right axis patterning|abnormal axial skeleton morphology|abnormal notochord morphology|abnormal thoracic vertebrae morphology|abnormal cervical vertebrae morphology|abnormal digestive organ placement|abnormal pancreas development|small basioccipital bone|small basisphenoid bone|vertebral compression|small caudal vertebrae|absent vertebral body|absent intervertebral disk|abnormal middle ear ossicle morphology|abnormal vertebral arch development|abnormal sclerotome morphology|absent gonial bone|abnormal basicranium morphology|basioccipital bone hypoplasia|tympanic ring hypoplasia
endocrine/exocrine gland,pos,1,death,developmental,MGI:5430383,H2az2|Ugdh,multi-locus,none,test,4,22745308,cleft palate|absent lacrimal glands|abnormal embryonic tissue physiology|abnormal lacrimal gland development
behavior/neurological,pos,1,death,adult_aging,MGI:5304801,,hemizygote,increased,train,12,22219281,decreased brain size|weight loss|decreased body size|hyperactivity|decreased locomotor activity|impaired coordination|poor grooming|hunched posture|limb grasping|abnormal associative learning|impaired contextual conditioning behavior|impaired cued conditioning behavior
embryo,pos,1,death,developmental,MGI:3707690,Ift57,homozygote,decreased,train,18,17027958,abnormal maxilla morphology|polydactyly|exencephaly|absent floor plate|incomplete rostral neuropore closure|open neural tube|abnormal spinal cord morphology|abnormal left-right axis patterning|pericardial edema|abnormal neural tube morphology|embryonic growth retardation|absent embryonic cilia|failure of initiation of embryo turning|delayed embryo turning|abnormal direction of embryo turning|abnormal cranial flexure morphology|abnormal direction of heart looping|ocular hypotelorism
homeostasis/metabolism,pos,1,death,developmental,MGI:2663789,Slc5a3,homozygote,decreased,train,7,12582158,cyanosis|abnormal homeostasis|respiratory distress|apnea|abnormal nervous system electrophysiology|hypoventilation|abnormal amniotic fluid composition
reproductive system,pos,1,death,developmental,MGI:6263195,Poc1a,homozygote,decreased,train,2,,male infertility|female infertility
embryo,pos,1,death,developmental,MGI:5510850,Ctdnep1,homozygote,decreased,test,9,23469192,abnormal embryonic tissue morphology|absent allantois|absent amnion|abnormal extraembryonic mesoderm development|abnormal primordial germ cell morphology|decreased primordial germ cell number|abnormal parietal endoderm morphology|abnormal extraembryonic coelom morphology|abnormal head fold morphology
cardiovascular system,pos,1,death,developmental,MGI:5008408,Tgfb1|Tgfb3,multi-locus,decreased,test,2,18343643,absent vitelline blood vessels|intracranial hemorrhage
cardiovascular system,pos,1,death,developmental,MGI:2668213,Tgfb2,homozygote,decreased,test,105,11390347|11390347|9217007|11784073|11784073|9217007|9217007,"abnormal cochlea morphology|abnormal neurocranium morphology|short mandible|abnormal rib morphology|rib fusion|abnormal sternum morphology|abnormal xiphoid process morphology|abnormal aorta morphology|double outlet right ventricle|trabecula carnea hypoplasia|abnormal atrioventricular cushion morphology|failure of atrioventricular cushion closure|absent maxillary shelf|abnormal mandible morphology|hydronephrosis|absent kidney|abnormal femur morphology|atelectasis|decreased body weight|persistence of hyaloid vascular system|fused cornea and lens|retina hyperplasia|cyanosis|testis hypoplasia|respiratory distress|abnormal limb morphology|abnormal craniofacial bone morphology|abnormal kidney morphology|abnormal macrophage physiology|dilated renal tubule|abnormal atrioventricular valve morphology|abnormal semilunar valve morphology|dilated heart right ventricle|abnormal cochlear ganglion morphology|abnormal cardiovascular development|increased urine protein level|decreased cornea stroma thickness|abnormal cornea posterior stroma morphology|abnormal scala vestibuli morphology|heart valve hyperplasia|interrupted aortic arch|failure of heart looping|retrognathia|absent cornea endothelium|absent Descemet membrane|absent spiral limbus|absent Rosenthal canal|absent deltoid tuberosity|short radius|short ulna|small frontal bone|small interparietal bone|small parietal bone|small temporal bone|absent occipital bone|absent pterygoid process|absent alisphenoid bone|absent interdental cells|abnormal trochanter morphology|absent mandibular angle|abnormal iris stroma morphology|abnormal humerus morphology|spina bifida occulta|abnormal clavicle morphology|abnormal eye posterior chamber morphology|abnormal cornea stroma morphology|abnormal myocardium layer morphology|decreased cornea thickness|abnormal retina neuronal layer morphology|abnormal heart septum morphology|abnormal cardiac outflow tract development|vitreous body deposition|abnormal uterine horn morphology|abnormal renal tubule epithelium morphology|failure of palatal shelf elevation|cleft secondary palate|abnormal thoracic cage shape|abnormal heart ventricle outflow tract morphology|ostium primum atrial septal defect|atrioventricular septal defect|complete atrioventricular septal defect|perimembraneous ventricular septal defect|inlet ventricular septal defect|double inlet heart left ventricle|abnormal truncus arteriosus septation|pulmonary artery hypoplasia|aberrant origin of the right subclavian artery|ascending aorta hypoplasia|aortic arch hypoplasia|persistent right dorsal aorta|thick aortic valve cusps|thick pulmonary valve cusps|patent aortic valve|patent pulmonary valve|thick mitral valve|thick tricuspid valve|absent eye anterior chamber|dilated respiratory conducting tube|ectopic adrenal gland|ectopic testis|interrupted aortic arch, type b|small mandibular condyloid process|small mandibular coronoid process|large fontanelles|small olecranon"
behavior/neurological,pos,1,death,adult_aging,MGI:5755101,Nras,multi-locus,decreased,test,7,23303902,abnormal cranium morphology|tremors|hyperpigmentation|impaired coordination|abnormal gait|hyperresponsive to tactile stimuli|abnormal behavior
cellular,pos,1,death,developmental,MGI:6283327,Ercc6l,hemizygote,decreased,train,13,30232008,decreased embryo size|embryonic growth arrest|abnormal cell nucleus morphology|polyploidy|abnormal cell cycle checkpoint function|abnormal cell physiology|early cellular replicative senescence|abnormal DNA replication|chromosomal instability|decreased fibroblast proliferation|increased embryonic tissue cell apoptosis|increased brain apoptosis|increased micronucleus incidence
nervous system,pos,1,death,developmental,MGI:2684625,Casp3,homozygote,decreased,test,29,14985318|15599395|8934524,delayed bone ossification|abnormal bone marrow development|decreased thymocyte number|abnormal forebrain morphology|abnormal diencephalon morphology|abnormal cerebellum development|abnormal cerebellum external granule cell layer morphology|abnormal cerebellar granule layer morphology|abnormal cerebellar molecular layer|cranioschisis|decreased body size|abnormal eye development|microphthalmia|abnormal retina morphology|abnormal osteoclast physiology|abnormal blood vessel morphology|hydrocephaly|abnormal eye morphology|abnormal skeleton development|abnormal brain morphology|abnormal retina inner nuclear layer morphology|abnormal sagittal suture morphology|abnormal optic stalk morphology|abnormal retina pigment epithelium morphology|abnormal brainstem morphology|decreased apoptosis|abnormal bone ossification|decreased trabecular bone thickness|retina fold
growth/size/body region,pos,1,death,adult_aging,MGI:5442324,Sec63,multi-locus,none,test,1,21685914,liver cyst
embryo,pos,1,death,developmental,MGI:5631069,Dnmt3a,homozygote,decreased,test,1,,abnormal embryo size
hematopoietic system,pos,1,death,adult_aging,MGI:2652709,Csf1|Csf2,multi-locus,decreased,test,12,8018921,osteopetrosis|increased neutrophil cell number|decreased leukocyte cell number|extramedullary hematopoiesis|lung inflammation|interstitial pneumonia|abnormal pulmonary alveolus morphology|abnormal bone marrow morphology|polycythemia|increased hemoglobin content|pulmonary alveolar proteinosis|absent teeth
behavior/neurological,pos,1,death,developmental,MGI:3718199,Slc17a7,homozygote,decreased,test,6,15103023,decreased body weight|unresponsive to tactile stimuli|hunched posture|postnatal growth retardation|abnormal excitatory postsynaptic currents|abnormal miniature excitatory postsynaptic currents
respiratory system,pos,1,death,adult_aging,MGI:5547758,,compound/other,increased,train,2,9040936,increased lung adenocarcinoma incidence|bronchiolar epithelial hyperplasia
endocrine/exocrine gland,pos,1,death,developmental,MGI:2663068,Dach1,homozygote,decreased,train,7,12508235|20869363,cyanosis|respiratory distress|decreased pancreatic beta cell number|small pancreatic islets|decreased pancreatic alpha cell number|absent gastric milk in neonates|decreased pancreatic beta cell proliferation
skeleton,pos,1,death,developmental,MGI:6098734,Gpc6,homozygote,decreased,test,12,28696225,cleft palate|short tibia|short fibula|short femur|abnormal long bone epiphyseal plate proliferative zone|abnormal long bone diaphysis morphology|decreased length of long bones|absent nasal septum|small cranium|decreased fetal weight|decreased chondrocyte proliferation|small snout
homeostasis/metabolism,pos,1,death,adult_aging,MGI:3776780,,other,decreased,train,7,11017072,anemia|abnormal blood circulation|enlarged kidney|kidney failure|increased circulating creatinine level|increased blood urea nitrogen level|abnormal mitochondrial ATP synthesis coupled electron transport
embryo,pos,1,death,developmental,MGI:5296809,Crb2,homozygote,decreased,test,23,22072575,abnormal foregut morphology|open neural tube|abnormal mesoderm development|abnormal endoderm development|abnormal somite development|abnormal gastrulation|increased embryo size|abnormal embryonic tissue morphology|abnormal primitive streak morphology|abnormal chorioallantoic fusion|abnormal notochord morphology|abnormal digestive system development|abnormal vitelline vasculature morphology|abnormal embryonic epiblast morphology|failure of initiation of embryo turning|abnormal embryonic neuroepithelium morphology|small allantois|failure of chorioallantoic fusion|abnormal visceral yolk sac blood island morphology|abnormal head fold morphology|absent heart tube|small amniotic cavity|abnormal anterior primitive streak morphology
embryo,pos,1,death,developmental,MGI:3831427,Brca2,homozygote,decreased,test,2,11694875,abnormal embryo development|embryonic growth retardation
respiratory system,pos,1,death,adult_aging,MGI:3716854,Mapk14|Polr2a,multi-locus,decreased,test,6,17468755,abnormal lung development|abnormal tumor incidence|increased lung adenocarcinoma incidence|increased lung adenoma incidence|enlarged lung|increased lung tumor incidence
neoplasm,pos,1,death,adult_aging,MGI:3707332,Tusc2,heterozygote,decreased,train,15,17318811,vascular inflammation|abnormal tumor incidence|increased leukemia incidence|glomerulonephritis|decreased erythrocyte cell number|increased hemangioma incidence|increased hemangiosarcoma incidence|increased anti-nuclear antigen antibody level|abnormal renal glomerulus morphology|increased susceptibility to autoimmune disorder|arteritis|renal cast|abnormal glomerular capillary thrombosis|increased lymphoma incidence|adipose tissue necrosis
liver/biliary system,pos,1,death,developmental,MGI:6189565,Adamts3,homozygote,decreased,train,10,26446156,small liver|abnormal placenta labyrinth morphology|skin edema|abnormal erythrocyte morphology|liver degeneration|pallor|increased hepatocyte apoptosis|abnormal lymphangiogenesis|absent lymphatic vessels|abnormal placenta fetal blood space morphology
nervous system,pos,1,death,developmental,MGI:3624351,,homozygote,decreased,train,17,12467588|12467588|22884324|22884324,tremors|abnormal spinal cord morphology|decreased spinal cord size|abnormal suckling behavior|hunched posture|impaired righting response|abnormal breathing pattern|neurodegeneration|increased neuron apoptosis|neuron degeneration|astrocytosis|abnormal spinal cord interneuron morphology|muscle hypertonia|abnormal response to tactile stimuli|microgliosis|umbilical hernia|increased spinal cord apoptosis
immune system,pos,1,death,adult_aging,MGI:4940882,Ecm1,homozygote,decreased,train,4,21217760,decreased IgE level|increased susceptibility to autoimmune disorder|abnormal T-helper 2 physiology|decreased susceptibility to type I hypersensitivity reaction
reproductive system,pos,1,death,developmental,MGI:5486218,Ube2q1,homozygote,decreased,train,7,23108111,abnormal mating frequency|abnormal nursing|decreased litter size|maternal effect|decreased circulating prolactin level|delayed female fertility|prolonged diestrus
embryo,pos,1,death,developmental,MGI:6262750,Kif21a,homozygote,decreased,train,1,,abnormal embryo size
skeleton,pos,1,death,postnatal,MGI:2176483,Fgfr2,heterozygote,decreased,test,31,11274405,abnormal neurocranium morphology|short maxilla|hypoglycemia|domed cranium|short snout|abnormal kidney cortex morphology|abnormal liver development|abnormal lung morphology|decreased body size|abnormal intestinal glucose absorption|postnatal growth retardation|abnormal bronchiole morphology|exophthalmos|small kidney|small lung|abnormal sternebra morphology|abnormal zygomatic arch morphology|decreased renal glomerulus number|split xiphoid process|impaired lung alveolus development|shallow orbits|abnormal sternum ossification|dilated proximal convoluted tubule|dilated distal convoluted tubule|abnormal right lung morphology|abnormal pulmonary acinus morphology|impaired lung lobe morphogenesis|decreased nephron number|split sternal manubrium|absent exorbital lacrimal gland|premature coronal suture closure
neoplasm,pos,1,death,adult_aging,MGI:5433595,Bcl2l11,multi-locus,increased,test,1,22081075,increased B cell derived lymphoma incidence
vision/eye,pos,1,death,developmental,MGI:2669228,Prox1,homozygote,decreased,test,12,10080188|10080188|10499794|10499794|10888866|12692551|16122728,abnormal liver development|small liver|abnormal eye development|abnormal lens morphology|edema|abnormal lymph organ development|decreased hepatocyte proliferation|small pancreas|abnormal lens development|absent retina horizontal cells|increased pancreatic acinar cell number|abnormal endocrine pancreas morphology
endocrine/exocrine gland,pos,1,death,developmental,MGI:2173283,Gsx1,homozygote,decreased,test,20,8631293,decreased leukocyte cell number|decreased neutrophil cell number|shortened head|decreased body weight|decreased body size|delayed eyelid opening|abnormal pituitary secretion|abnormal hypothalamus secretion|infertility|abnormal gland morphology|abnormal gland physiology|abnormal thermosensation|decreased lymphocyte cell number|small pituitary gland|abnormal long bone epiphyseal ossification zone morphology|small adenohypophysis|decreased somatotroph cell number|decreased lactotroph cell number|decreased testes secretion|decreased ovary secretion
hearing/vestibular/ear,neg,0,none,na,MGI:3840554,Ucn,homozygote,decreased,train,5,12091910,increased anxiety-related response|increased thigmotaxis|short cochlear outer hair cells|abnormal distortion product otoacoustic emission|increased or absent threshold for auditory brainstem response
cellular,neg,0,none,na,MGI:3608125,Bace1,homozygote,decreased,test,1,15824102,abnormal cell physiology
vision/eye,neg,0,none,na,MGI:6461019,1700088E04Rik,homozygote,decreased,train,1,,abnormal retina morphology
cellular,neg,0,none,na,MGI:5432528,Cirbp,homozygote,decreased,train,4,22711815,abnormal spermatogonia proliferation|abnormal cell cycle|decreased fibroblast proliferation|decreased spermatogonia number
cardiovascular system,neg,0,none,na,MGI:6262500,Gbp2,homozygote,decreased,train,6,,increased heart rate variability|abnormal sinus arrhythmia|abnormal QT variability|cardiovascular system phenotype|prolonged RR interval|increased fasting circulating glucose level
growth/size/body region,neg,0,none,na,MGI:4430496,Fgf18|Glg1,multi-locus,decreased,test,2,20023171,decreased body weight|abnormal tail morphology
homeostasis/metabolism,neg,0,none,na,MGI:3624647,Bodwt1,other,unknown,train,4,16387874|16387874|16595606,abnormal circulating cholesterol level|increased body weight|increased circulating triglyceride level|increased circulating HDL cholesterol level
vision/eye,neg,0,none,na,MGI:2680573,Pax6,heterozygote,unknown,test,7,,anophthalmia|microphthalmia|abnormal lens morphology|cornea opacity|abnormal iris morphology|abnormal retina ganglion layer morphology|anterior iris synechia
immune system,neg,0,none,na,MGI:3040477,Elsgp1,other,unknown,train,1,10903778,abnormal immune serum protein physiology
reproductive system,neg,0,none,na,MGI:5766061,Nkapl,homozygote,decreased,test,5,25875095,small testis|male infertility|azoospermia|arrest of male meiosis|increased male germ cell apoptosis
skeleton,neg,0,none,na,MGI:5487798,,multi-locus,increased,train,10,21769775,short limbs|decreased body weight|decreased body size|abnormal long bone epiphyseal plate morphology|increased width of hypertrophic chondrocyte zone|abnormal long bone epiphyseal plate proliferative zone|decreased trabecular bone thickness|decreased bone trabecula number|decreased trabecular bone volume|abnormal ossification involved in bone maturation
integument,neg,0,none,na,MGI:3622670,Rxra|Rxrb,multi-locus,decreased,test,9,16199515|16751185,alopecia|epidermal hyperplasia|abnormal epidermis stratum corneum morphology|mixed cellular infiltration to dermis|abnormal skin morphology|increased immunoglobulin level|abnormal keratinocyte morphology|hair follicle degeneration|dermal hyperplasia
homeostasis/metabolism,neg,0,none,na,MGI:3039490,,hemizygote,increased,train,13,10480614,decreased body weight|abnormal lipid level|decreased brown adipose tissue amount|decreased white adipose tissue amount|abnormal glucose homeostasis|decreased circulating triglyceride level|decreased circulating insulin level|increased insulin sensitivity|decreased liver weight|abnormal food intake|small pancreatic islets|decreased liver triglyceride level|decreased liver glycogen level
nervous system,neg,0,none,na,MGI:5660858,Nlgn3,multi-locus,decreased,test,1,24995986,decreased miniature inhibitory postsynaptic current frequency
homeostasis/metabolism,neg,0,none,na,MGI:3711206,Mobq5,other,unknown,test,6,16873689,abnormal glucose homeostasis|decreased circulating triglyceride level|decreased circulating free fatty acids level|decreased circulating cholesterol level|decreased circulating glucose level|increased food intake
homeostasis/metabolism,neg,0,none,na,MGI:3608625,Gngt1,homozygote,none,test,1,16102536,photosensitivity
integument,neg,0,none,na,MGI:2655647,Tnxb,homozygote,decreased,test,1,11925569,abnormal skin tensile strength
homeostasis/metabolism,neg,0,none,na,MGI:3850075,Neurog3,multi-locus,decreased,test,1,19487660,increased circulating glucose level
hematopoietic system,neg,0,none,na,MGI:7448522,Rr253,homozygote,altered,test,2,35732734,increased dendritic cell number|decreased dendritic cell number
cardiovascular system,neg,0,none,na,MGI:3529284,Fgf2|Fgf9,multi-locus,decreased,test,2,15621532,heart hypoplasia|increased heart atrium size
cardiovascular system,neg,0,none,na,MGI:5566533,Rbm20,heterozygote,unknown,test,2,24599837,abnormal myocardial fiber morphology|abnormal heart left ventricle morphology
behavior/neurological,neg,0,none,na,MGI:3606586,Avpr1b,homozygote,decreased,train,1,,increased susceptibility to pharmacologically induced seizures
cardiovascular system,neg,0,none,na,MGI:6268768,Hcn1,homozygote,unknown,test,1,,decreased heart rate
immune system,neg,0,none,na,MGI:3815511,Plgr1,other,unknown,train,1,18573896,decreased susceptibility to bacterial infection
hematopoietic system,neg,0,none,na,MGI:5309018,Lair1,multi-locus,none,train,2,22156345,decreased IgG2a level|decreased IgG2b level
integument,neg,0,none,na,MGI:2673338,Adamts20,homozygote,decreased,test,1,12925592,belted
normal,neg,0,none,na,MGI:4888248,Myh14,homozygote,decreased,test,1,20861308,no abnormal phenotype detected
homeostasis/metabolism,neg,0,none,na,MGI:3797405,Igk,compound/other,none,test,2,16543471,abnormal proximal convoluted tubule morphology|decreased blood uric acid level
hematopoietic system,neg,0,none,na,MGI:6263089,P3h3,homozygote,decreased,train,2,,decreased circulating phosphate level|increased mean corpuscular volume
digestive/alimentary,neg,0,none,na,MGI:2673845,Cdcs2,other,unknown,test,1,11707574,intestinal inflammation
nervous system,neg,0,none,na,MGI:3652810,Mmp12|Mmp9,multi-locus,decreased,test,3,10841523|16495447,abnormal myelination|decreased oligodendrocyte number|decreased susceptibility to induced aneurysm formation
hematopoietic system,neg,0,none,na,MGI:3793440,,hemizygote,increased,train,10,12668643|12668643|1622894|3261841|12668643|3261841|15067092|1622894|1622894,abnormal plasma cell morphology|increased IgM level|abnormal B cell morphology|abnormal immature B cell morphology|abnormal pro-B cell morphology|abnormal B-2 B cell morphology|abnormal mature B cell morphology|abnormal germinal center B cell morphology|increased immature B cell number|increased IgG2b level
normal,neg,0,none,na,MGI:3616180,Nkrf,hemizygote,decreased,train,1,16354699,no abnormal phenotype detected
homeostasis/metabolism,neg,0,none,na,MGI:3812591,Bglu4,other,unknown,train,1,18362393,increased circulating glucose level
normal,neg,0,none,na,MGI:3616179,Nkrf,homozygote,decreased,train,1,16354699,no abnormal phenotype detected
nervous system,neg,0,none,na,MGI:7523314,Stmn2,heterozygote,decreased,test,3,35767949,abnormal neuromuscular synapse morphology|abnormal neuron morphology|decreased grip strength
hematopoietic system,neg,0,none,na,MGI:5426520,Arg1,homozygote,none,test,2,22416259,abnormal macrophage physiology|abnormal blood homeostasis
skeleton,neg,0,none,na,MGI:2674105,Fembrs4,other,unknown,train,1,11991724,increased bone strength
hematopoietic system,neg,0,none,na,MGI:5696656,Nmt1,multi-locus,none,train,5,26423150,"abnormal CD4-positive, alpha beta T cell morphology|abnormal CD8-positive, alpha beta T cell morphology|decreased T cell number|decreased double-positive T cell number|decreased single-positive T cell number"
hematopoietic system,neg,0,none,na,MGI:4453223,Arg1,multi-locus,increased,test,1,17450126,decreased macrophage cell number
behavior/neurological,neg,0,none,na,MGI:7414799,Btbd10,homozygote,decreased,train,2,,increased vertical activity|abnormal auditory brainstem response
cardiovascular system,neg,0,none,na,MGI:3851489,,hemizygote,increased,test,1,15256482,abnormal response to cardiac infarction
nervous system,neg,0,none,na,MGI:5485155,Slc29a4,homozygote,decreased,train,1,23255610,abnormal choroid plexus morphology
homeostasis/metabolism,neg,0,none,na,MGI:3846193,Mbtps1,multi-locus,none,test,5,11717426,abnormal lipid homeostasis|decreased circulating triglyceride level|decreased circulating cholesterol level|abnormal intestinal lipid absorption|decreased liver triglyceride level
skeleton,neg,0,none,na,MGI:5757651,Ropn1l,homozygote,decreased,test,5,,kyphosis|abnormal snout morphology|abnormal tooth morphology|abnormal spine curvature|decreased grip strength
muscle,neg,0,none,na,MGI:5428738,Sspn,homozygote,decreased,test,4,22734004|22798625|22798625,abnormal muscle physiology|increased susceptibility to injury|abnormal skeletal muscle fiber type ratio|increased quadriceps weight
neoplasm,neg,0,none,na,MGI:5437736,Ighm,multi-locus,mixed,test,1,22608497,increased lymphoma incidence
craniofacial,neg,0,none,na,MGI:2677244,Skull25,other,unknown,train,1,,enlarged cranium
reproductive system,neg,0,none,na,MGI:7551152,Lkaaear1,homozygote,decreased,train,1,,male infertility
behavior/neurological,neg,0,none,na,MGI:5430804,Adgrl3,homozygote,decreased,train,12,22575564|27247960,decreased circulating calcium level|decreased anxiety-related response|hyperactivity|increased stereotypic behavior|abnormal eating behavior|increased dopamine level|abnormal emotion/affect behavior|abnormal neurite morphology|induced hyperactivity|enhanced behavioral response to cocaine|increased serotonin level|increased locomotor activity
behavior/neurological,neg,0,none,na,MGI:5781716,Rapgefl1,homozygote,decreased,test,1,,increased thermal nociceptive threshold
hematopoietic system,neg,0,none,na,MGI:3626183,Lat,homozygote,decreased,test,7,12871507,small thymus|decreased thymocyte number|arrested T cell differentiation|abnormal T cell differentiation|decreased T cell number|decreased double-negative T cell number|abnormal platelet aggregation
behavior/neurological,neg,0,none,na,MGI:5293381,Prkab2,multi-locus,none,train,1,21896769,impaired exercise endurance
homeostasis/metabolism,neg,0,none,na,MGI:6695866,Ndor1|Stk26,multi-locus,none,test,1,32271880,increased incidence of tumors by chemical induction
endocrine/exocrine gland,neg,0,none,na,MGI:7545183,Elac2,homozygote,none,train,6,37093546,prostate gland hyperplasia|abnormal prostate gland anterior lobe morphology|prostate gland inflammation|prostate gland anterior lobe hyperplasia|abnormal prostate gland dorsolateral lobe morphology|prostate gland dorsolateral lobe hyperplasia
vision/eye,neg,0,none,na,MGI:5544446,26Sor|Pde6b,multi-locus,none,test,5,23946405,abnormal retina cone cell morphology|decreased retina photoreceptor cell number|abnormal ocular fundus morphology|retina photoreceptor degeneration|abnormal retina blood vessel morphology
reproductive system,neg,0,none,na,MGI:5288146,Klhl20,homozygote,none,train,1,,abnormal fertility/fecundity
nervous system,neg,0,none,na,MGI:3810277,Dab1,heterozygote,decreased,test,2,18029196,small cerebellum|abnormal cerebellar foliation
normal,neg,0,none,na,MGI:3796134,Mirc2,homozygote,decreased,test,1,18329372,no abnormal phenotype detected
homeostasis/metabolism,neg,0,none,na,MGI:3582059,Slc18a2,heterozygote,decreased,test,3,9427250,abnormal noradrenaline level|abnormal serotonin level|decreased dopamine level
